<?xml version = '1.0' encoding = 'UTF-8'?>
<Relation class="oracle.dbtools.crest.model.design.logical.Relation" name="Cria" directorySegmentName="seg_0" id="0E58D509-7462-BED9-0B44-0BE4E332F091">
<createdBy>lucas</createdBy>
<createdTime>2024-11-15 17:18:01 UTC</createdTime>
<ownerDesignName>ModelosAP1MPS</ownerDesignName>
<engineerTo>
<item key="1E011C54-AE02-6291-493B-9859714DAACB" value="true"/>
</engineerTo>
<sourcePk>FF81538E-0388-1A23-4F8D-B24326F8519F</sourcePk>
<identifying>false</identifying>
<optionalSource>true</optionalSource>
<optionalTarget>false</optionalTarget>
<sourceCardinality>1</sourceCardinality>
<sourceEntity>CF778AD3-3AB1-3D8F-0C80-8448CF99A187</sourceEntity>
<targetCardinalityString>*</targetCardinalityString>
<targetEntity>C9D384B0-1C61-6D1D-3505-65D846B90CBA</targetEntity>
<transferable>true</transferable>
<deleteRule>NO ACTION</deleteRule>
</Relation>