<?xml version = '1.0' encoding = 'UTF-8'?>
<Relation class="oracle.dbtools.crest.model.design.logical.Relation" name="Possuiv2" directorySegmentName="seg_0" id="33707409-3DEC-5242-9F44-F2A937C88151">
<createdBy>lucas</createdBy>
<createdTime>2024-11-15 17:17:14 UTC</createdTime>
<ownerDesignName>ModelosAP1MPS</ownerDesignName>
<engineerTo>
<item key="1E011C54-AE02-6291-493B-9859714DAACB" value="true"/>
</engineerTo>
<sourcePk>A505348B-7C36-BF0F-E956-D0B9854DCA62</sourcePk>
<identifying>false</identifying>
<optionalSource>true</optionalSource>
<optionalTarget>false</optionalTarget>
<sourceCardinality>1</sourceCardinality>
<sourceEntity>C9D384B0-1C61-6D1D-3505-65D846B90CBA</sourceEntity>
<targetCardinalityString>*</targetCardinalityString>
<targetEntity>0A4A4FDC-D340-EAB1-F285-6C11E519ACB4</targetEntity>
<transferable>true</transferable>
<deleteRule>NO ACTION</deleteRule>
</Relation>