<?xml version = '1.0' encoding = 'UTF-8'?>
<Relation class="oracle.dbtools.crest.model.design.logical.Relation" name="Se referem" directorySegmentName="seg_0" id="975425C1-9F26-E508-5C5E-1E40335E815B">
<createdBy>lucas</createdBy>
<createdTime>2024-11-15 17:00:04 UTC</createdTime>
<ownerDesignName>ModelosAP1MPS</ownerDesignName>
<engineerTo>
<item key="1E011C54-AE02-6291-493B-9859714DAACB" value="true"/>
</engineerTo>
<sourcePk>7581871F-F110-A8A3-6122-91F580D50707</sourcePk>
<identifying>false</identifying>
<optionalSource>true</optionalSource>
<optionalTarget>false</optionalTarget>
<sourceCardinality>1</sourceCardinality>
<sourceEntity>F7C773F7-0C99-353E-30E8-8C659287C4FB</sourceEntity>
<targetCardinalityString>*</targetCardinalityString>
<targetEntity>F6C02CC1-0C69-607D-6EF0-08D687FF2233</targetEntity>
<transferable>true</transferable>
<deleteRule>NO ACTION</deleteRule>
</Relation>