<?xml version = '1.0' encoding = 'UTF-8'?>
<Relation class="oracle.dbtools.crest.model.design.logical.Relation" name="Está relacionadov2" directorySegmentName="seg_0" id="CBCCFA0A-5378-7DFD-2637-8764515902AA">
<createdBy>lucas</createdBy>
<createdTime>2024-11-15 17:15:34 UTC</createdTime>
<ownerDesignName>ModelosAP1MPS</ownerDesignName>
<engineerTo>
<item key="1E011C54-AE02-6291-493B-9859714DAACB" value="true"/>
</engineerTo>
<sourcePk>FF81538E-0388-1A23-4F8D-B24326F8519F</sourcePk>
<identifying>true</identifying>
<optionalSource>true</optionalSource>
<optionalTarget>false</optionalTarget>
<sourceCardinality>1</sourceCardinality>
<sourceEntity>CF778AD3-3AB1-3D8F-0C80-8448CF99A187</sourceEntity>
<targetCardinalityString>*</targetCardinalityString>
<targetEntity>5D5D7211-5257-6C1A-9E94-E78D757C35DB</targetEntity>
<transferable>true</transferable>
<deleteRule>NO ACTION</deleteRule>
</Relation>