<?xml version = '1.0' encoding = 'UTF-8'?>
<Relation class="oracle.dbtools.crest.model.design.logical.Relation" name="Faz" directorySegmentName="seg_0" id="F5A0E093-BE3B-F30B-51C2-1133C524CE2A">
<createdBy>lucas</createdBy>
<createdTime>2024-11-15 16:37:58 UTC</createdTime>
<ownerDesignName>ModelosAP1MPS</ownerDesignName>
<engineerTo>
<item key="1E011C54-AE02-6291-493B-9859714DAACB" value="true"/>
</engineerTo>
<sourcePk>BB4FBBB7-32F8-2E53-CBA6-A67DB7E6C586</sourcePk>
<identifying>false</identifying>
<optionalSource>true</optionalSource>
<optionalTarget>false</optionalTarget>
<sourceCardinality>1</sourceCardinality>
<sourceEntity>849FBD82-B597-D55D-1D58-DFFAEA596C1D</sourceEntity>
<targetCardinalityString>*</targetCardinalityString>
<targetEntity>2E40843D-AD8D-FC6A-138D-BB6233B01559</targetEntity>
<transferable>true</transferable>
<deleteRule>NO ACTION</deleteRule>
</Relation>