<?xml version = '1.0' encoding = 'UTF-8'?>
<Table class="oracle.dbtools.crest.model.design.relational.Table" directorySegmentName="seg_0" id="2D015E6A-C812-1566-DEF6-9A023BC5969D" name="TIPO_PRODUTO">
<createdBy>lucas</createdBy>
<createdTime>2024-11-15 20:15:27 UTC</createdTime>
<generatorID>20A4A174-1D1A-186C-7D2D-3A0D8D989696</generatorID>
<ownerDesignName>ModelosAP1MPS</ownerDesignName>
<allowColumnReorder>false</allowColumnReorder>
<existDependencyGenerateInDDl>true</existDependencyGenerateInDDl>
<parsed>true</parsed>
<columns itemClass="oracle.dbtools.crest.model.design.relational.Column">
<Column name="idTipoProduto" id="A3D2B754-EC47-B013-7576-A1BCD466F596">
<createdBy>lucas</createdBy>
<createdTime>2024-11-15 20:15:27 UTC</createdTime>
<generatorID>FEFE19DE-F152-0B28-6053-B807CC66687C</generatorID>
<ownerDesignName>ModelosAP1MPS</ownerDesignName>
<useDomainConstraints>false</useDomainConstraints>
<use>1</use>
<logicalDatatype>LOGDT011</logicalDatatype>
<ownDataTypeParameters>,,</ownDataTypeParameters>
<autoIncrementCycle>false</autoIncrementCycle>
</Column>
<Column name="nome" id="AF607C0C-2DEF-48C7-7C24-AE5959F6C5F5">
<createdBy>lucas</createdBy>
<createdTime>2024-11-15 20:15:27 UTC</createdTime>
<generatorID>0C47F494-1AFC-04CD-DCEF-550E69647504</generatorID>
<ownerDesignName>ModelosAP1MPS</ownerDesignName>
<useDomainConstraints>false</useDomainConstraints>
<use>1</use>
<logicalDatatype>LOGDT024</logicalDatatype>
<dataTypeSize>20</dataTypeSize>
<ownDataTypeParameters>20,,</ownDataTypeParameters>
<autoIncrementCycle>false</autoIncrementCycle>
</Column>
</columns>
<indexes itemClass="oracle.dbtools.crest.model.design.relational.Index">
<ind_PK_UK id="FA45F5E7-D606-FC00-43A7-8A47B258C615" name="TIPO_PRODUTO_PK">
<createdBy>lucas</createdBy>
<createdTime>2024-11-15 20:15:27 UTC</createdTime>
<generatorID>F90AE1C9-B763-6967-398C-4D883EEBF14C</generatorID>
<ownerDesignName>ModelosAP1MPS</ownerDesignName>
<pk>true</pk>
<indexState>Primary Constraint</indexState>
<isSurrogateKey>false</isSurrogateKey>
<indexColumnUsage>
<colUsage columnID="A3D2B754-EC47-B013-7576-A1BCD466F596"/>
</indexColumnUsage>
</ind_PK_UK>
</indexes>
</Table>