<?xml version = '1.0' encoding = 'UTF-8'?>
<Table class="oracle.dbtools.crest.model.design.relational.Table" directorySegmentName="seg_0" id="34BA5DEA-1A17-4238-5E97-9D6A3F9349B9" name="TIPO_SAIDA">
<createdBy>lucas</createdBy>
<createdTime>2024-11-15 20:15:27 UTC</createdTime>
<generatorID>F4B2801D-D697-22B4-7D74-7C9ADC2209D9</generatorID>
<ownerDesignName>ModelosAP1MPS</ownerDesignName>
<allowColumnReorder>false</allowColumnReorder>
<existDependencyGenerateInDDl>true</existDependencyGenerateInDDl>
<parsed>true</parsed>
<columns itemClass="oracle.dbtools.crest.model.design.relational.Column">
<Column name="idTipoSaída" id="A0A8F106-D32B-11F4-2BE2-CC263F369B1C">
<createdBy>lucas</createdBy>
<createdTime>2024-11-15 20:15:27 UTC</createdTime>
<generatorID>FA5D9D98-981C-F23D-F8B3-360B16DB866E</generatorID>
<ownerDesignName>ModelosAP1MPS</ownerDesignName>
<useDomainConstraints>false</useDomainConstraints>
<use>1</use>
<logicalDatatype>LOGDT011</logicalDatatype>
<ownDataTypeParameters>,,</ownDataTypeParameters>
<autoIncrementCycle>false</autoIncrementCycle>
</Column>
<Column name="nome" id="B8E2897C-DC66-5804-FEFF-299724634FBF">
<createdBy>lucas</createdBy>
<createdTime>2024-11-15 20:15:27 UTC</createdTime>
<generatorID>2B10BEFF-8D6D-D970-BCDC-479B4FADC697</generatorID>
<ownerDesignName>ModelosAP1MPS</ownerDesignName>
<useDomainConstraints>false</useDomainConstraints>
<use>1</use>
<logicalDatatype>LOGDT011</logicalDatatype>
<ownDataTypeParameters>,,</ownDataTypeParameters>
<autoIncrementCycle>false</autoIncrementCycle>
</Column>
<Column name="PEDIDO_idPedido" id="CDAF049E-B5B4-0A61-8888-201BB4F1342B">
<createdBy>lucas</createdBy>
<createdTime>2024-11-15 20:15:27 UTC</createdTime>
<generatorID>B4BC8729-A915-949E-38FF-A9D2924251B4</generatorID>
<ownerDesignName>ModelosAP1MPS</ownerDesignName>
<useDomainConstraints>false</useDomainConstraints>
<use>1</use>
<logicalDatatype>LOGDT011</logicalDatatype>
<ownDataTypeParameters>,,</ownDataTypeParameters>
<previousColumn>false</previousColumn>
<autoIncrementCycle>false</autoIncrementCycle>
<associations>
<colAssociation fkAssociation="964FD4A0-DCDD-A7AE-4166-1349051A3D28" referredColumn="97F88992-B655-85D7-1470-EE1D7033FA32"/>
</associations>
</Column>
</columns>
<indexes itemClass="oracle.dbtools.crest.model.design.relational.Index">
<ind_PK_UK id="DE8CDEA3-8C86-5C6E-9BE1-ACAC46E9F2B3" name="TIPO_SAIDA_PK">
<createdBy>lucas</createdBy>
<createdTime>2024-11-15 20:15:27 UTC</createdTime>
<generatorID>3485B72C-9598-6BDD-166D-53AF6C528CD9</generatorID>
<ownerDesignName>ModelosAP1MPS</ownerDesignName>
<pk>true</pk>
<indexState>Primary Constraint</indexState>
<isSurrogateKey>false</isSurrogateKey>
<indexColumnUsage>
<colUsage columnID="A0A8F106-D32B-11F4-2BE2-CC263F369B1C"/>
</indexColumnUsage>
</ind_PK_UK>
<ind_PK_UK id="07097AC8-86E0-1966-38BF-4BE4B5344B82" name="TIPO_SAIDA_PEDIDO_FK">
<createdBy>lucas</createdBy>
<createdTime>2024-11-15 20:15:27 UTC</createdTime>
<generatorID>78F3317B-C559-8C59-5088-FA1C8A174830</generatorID>
<ownerDesignName>ModelosAP1MPS</ownerDesignName>
<indexState>Foreign Key</indexState>
<isSurrogateKey>false</isSurrogateKey>
<indexColumnUsage>
<colUsage columnID="CDAF049E-B5B4-0A61-8888-201BB4F1342B"/>
</indexColumnUsage>
</ind_PK_UK>
</indexes>
</Table>