<?xml version = '1.0' encoding = 'UTF-8'?>
<Table class="oracle.dbtools.crest.model.design.relational.Table" directorySegmentName="seg_0" id="3C65FB09-EE9D-FAEC-8F2C-A5686378AF78" name="CLIENTE">
<createdBy>lucas</createdBy>
<createdTime>2024-11-15 20:15:27 UTC</createdTime>
<generatorID>849FBD82-B597-D55D-1D58-DFFAEA596C1D</generatorID>
<ownerDesignName>ModelosAP1MPS</ownerDesignName>
<allowColumnReorder>false</allowColumnReorder>
<existDependencyGenerateInDDl>true</existDependencyGenerateInDDl>
<parsed>true</parsed>
<columns itemClass="oracle.dbtools.crest.model.design.relational.Column">
<Column name="idCliente" id="8E448DC3-BD40-A789-89A6-42215A1C34DA">
<createdBy>lucas</createdBy>
<createdTime>2024-11-15 20:15:27 UTC</createdTime>
<generatorID>C5F1E295-CE1A-85AF-DACF-476463EA4AB9</generatorID>
<ownerDesignName>ModelosAP1MPS</ownerDesignName>
<useDomainConstraints>false</useDomainConstraints>
<use>1</use>
<logicalDatatype>LOGDT011</logicalDatatype>
<ownDataTypeParameters>,,</ownDataTypeParameters>
<autoIncrementCycle>false</autoIncrementCycle>
</Column>
<Column name="nome" id="0DD813E0-4FFF-46B0-E747-0A23EA588DFA">
<createdBy>lucas</createdBy>
<createdTime>2024-11-15 20:15:27 UTC</createdTime>
<generatorID>00E1AB14-0BF3-B049-50ED-B9C3FF27EFCF</generatorID>
<ownerDesignName>ModelosAP1MPS</ownerDesignName>
<useDomainConstraints>false</useDomainConstraints>
<use>1</use>
<logicalDatatype>LOGDT024</logicalDatatype>
<dataTypeSize>100</dataTypeSize>
<ownDataTypeParameters>100,,</ownDataTypeParameters>
<autoIncrementCycle>false</autoIncrementCycle>
</Column>
<Column name="cpfCnpj" id="24379241-7A8C-CC8F-9251-C1E630E37388">
<createdBy>lucas</createdBy>
<createdTime>2024-11-15 20:15:27 UTC</createdTime>
<generatorID>2D25A81B-5B41-0AD9-EC33-ADEE12130400</generatorID>
<ownerDesignName>ModelosAP1MPS</ownerDesignName>
<useDomainConstraints>false</useDomainConstraints>
<use>1</use>
<logicalDatatype>LOGDT024</logicalDatatype>
<dataTypeSize>14</dataTypeSize>
<ownDataTypeParameters>14,,</ownDataTypeParameters>
<autoIncrementCycle>false</autoIncrementCycle>
</Column>
<Column name="email" id="ED562FB1-5FD2-F116-C50C-5219991AAF90">
<createdBy>lucas</createdBy>
<createdTime>2024-11-15 20:15:27 UTC</createdTime>
<generatorID>B39F53B6-5C3B-92C4-9EBA-8791B6D14CB8</generatorID>
<ownerDesignName>ModelosAP1MPS</ownerDesignName>
<useDomainConstraints>false</useDomainConstraints>
<use>1</use>
<logicalDatatype>LOGDT024</logicalDatatype>
<dataTypeSize>100</dataTypeSize>
<ownDataTypeParameters>100,,</ownDataTypeParameters>
<autoIncrementCycle>false</autoIncrementCycle>
</Column>
<Column name="telefone" id="ED7A495D-E5BD-DEFE-E812-5631F01837A6">
<createdBy>lucas</createdBy>
<createdTime>2024-11-15 20:15:27 UTC</createdTime>
<generatorID>3FAB700C-8017-A9E5-5954-07AE507D0E16</generatorID>
<ownerDesignName>ModelosAP1MPS</ownerDesignName>
<useDomainConstraints>false</useDomainConstraints>
<use>1</use>
<logicalDatatype>LOGDT024</logicalDatatype>
<dataTypeSize>11</dataTypeSize>
<ownDataTypeParameters>11,,</ownDataTypeParameters>
<autoIncrementCycle>false</autoIncrementCycle>
</Column>
<Column name="qtdSaidaTotal" id="A39CA18F-3770-EA1F-E18F-318DAA159CFF">
<createdBy>lucas</createdBy>
<createdTime>2024-11-15 20:15:27 UTC</createdTime>
<generatorID>0FF7EF90-027A-5408-2FFA-35BC276DCD2C</generatorID>
<ownerDesignName>ModelosAP1MPS</ownerDesignName>
<useDomainConstraints>false</useDomainConstraints>
<use>1</use>
<logicalDatatype>LOGDT011</logicalDatatype>
<ownDataTypeParameters>,,</ownDataTypeParameters>
<autoIncrementCycle>false</autoIncrementCycle>
</Column>
<Column name="valorSaidaTotal" id="6BEC276A-1FF8-A49B-6248-7E2A352BA27E">
<createdBy>lucas</createdBy>
<createdTime>2024-11-15 20:15:27 UTC</createdTime>
<generatorID>D4B894ED-1FCE-D12C-E695-E941537CD826</generatorID>
<ownerDesignName>ModelosAP1MPS</ownerDesignName>
<useDomainConstraints>false</useDomainConstraints>
<use>1</use>
<logicalDatatype>LOGDT019</logicalDatatype>
<dataTypePrecision>10</dataTypePrecision>
<dataTypeScale>2</dataTypeScale>
<ownDataTypeParameters>,10,2</ownDataTypeParameters>
<autoIncrementCycle>false</autoIncrementCycle>
</Column>
</columns>
<indexes itemClass="oracle.dbtools.crest.model.design.relational.Index">
<ind_PK_UK id="C1F3D286-7AC6-BE08-6CD8-FFEC91D40E6C" name="CLIENTE_PK">
<createdBy>lucas</createdBy>
<createdTime>2024-11-15 20:15:27 UTC</createdTime>
<generatorID>BB4FBBB7-32F8-2E53-CBA6-A67DB7E6C586</generatorID>
<ownerDesignName>ModelosAP1MPS</ownerDesignName>
<pk>true</pk>
<indexState>Primary Constraint</indexState>
<isSurrogateKey>false</isSurrogateKey>
<indexColumnUsage>
<colUsage columnID="8E448DC3-BD40-A789-89A6-42215A1C34DA"/>
</indexColumnUsage>
</ind_PK_UK>
</indexes>
</Table>