<?xml version = '1.0' encoding = 'UTF-8'?>
<Table class="oracle.dbtools.crest.model.design.relational.Table" directorySegmentName="seg_0" id="545ABE4E-F311-4216-170A-2129C199CFD3" name="ITEM_DOC_ENTR">
<createdBy>lucas</createdBy>
<createdTime>2024-11-15 20:15:27 UTC</createdTime>
<generatorID>F6C02CC1-0C69-607D-6EF0-08D687FF2233</generatorID>
<ownerDesignName>ModelosAP1MPS</ownerDesignName>
<allowColumnReorder>false</allowColumnReorder>
<existDependencyGenerateInDDl>true</existDependencyGenerateInDDl>
<parsed>true</parsed>
<columns itemClass="oracle.dbtools.crest.model.design.relational.Column">
<Column name="idItemDocEnt" id="73AC10BE-449D-77E9-31D1-E011B23AF8E3">
<createdBy>lucas</createdBy>
<createdTime>2024-11-15 20:15:27 UTC</createdTime>
<generatorID>689F2890-DE9B-32F4-D585-08261E48C2AD</generatorID>
<ownerDesignName>ModelosAP1MPS</ownerDesignName>
<useDomainConstraints>false</useDomainConstraints>
<use>1</use>
<logicalDatatype>LOGDT011</logicalDatatype>
<ownDataTypeParameters>,,</ownDataTypeParameters>
<autoIncrementCycle>false</autoIncrementCycle>
</Column>
<Column name="DOC_ENTR_idDocEntr" id="32B4D2AD-CDBF-ACFD-D113-C75639A6BC42">
<createdBy>lucas</createdBy>
<createdTime>2024-11-15 20:15:27 UTC</createdTime>
<generatorID>C67273C8-B7B0-FE74-99A4-23904876E46A</generatorID>
<ownerDesignName>ModelosAP1MPS</ownerDesignName>
<useDomainConstraints>false</useDomainConstraints>
<use>1</use>
<logicalDatatype>LOGDT011</logicalDatatype>
<ownDataTypeParameters>,,</ownDataTypeParameters>
<previousColumn>false</previousColumn>
<autoIncrementCycle>false</autoIncrementCycle>
<associations>
<colAssociation fkAssociation="CC629107-4A9A-CA2B-A2E2-D7912BFC99DD" referredColumn="5D5F864C-F3D1-50B1-AD4D-17F9189FC90E"/>
</associations>
</Column>
<Column name="PRODUTO_idProduto" id="4BFBB143-6962-0DEC-C639-149DEF385328">
<createdBy>lucas</createdBy>
<createdTime>2024-11-15 20:15:27 UTC</createdTime>
<generatorID>9BAD4B5C-BDB4-BBFC-8912-E588AC66E14E</generatorID>
<ownerDesignName>ModelosAP1MPS</ownerDesignName>
<useDomainConstraints>false</useDomainConstraints>
<use>1</use>
<logicalDatatype>LOGDT011</logicalDatatype>
<ownDataTypeParameters>,,</ownDataTypeParameters>
<previousColumn>false</previousColumn>
<autoIncrementCycle>false</autoIncrementCycle>
<associations>
<colAssociation fkAssociation="3C72BFEF-5137-3B53-BF5B-4CFCFE840051" referredColumn="DA6E89EF-B2F1-BDC8-BE1D-41AD027C1492"/>
</associations>
</Column>
<Column name="DOC_ENTR_idFornecedr" id="EAF2EC49-BA1C-E39A-F83A-D9C4362B7956">
<createdBy>lucas</createdBy>
<createdTime>2024-11-15 20:15:27 UTC</createdTime>
<generatorID>E4E70ABD-BFDD-FDD9-2D91-C33C5B1EADAD</generatorID>
<ownerDesignName>ModelosAP1MPS</ownerDesignName>
<useDomainConstraints>false</useDomainConstraints>
<use>1</use>
<logicalDatatype>LOGDT011</logicalDatatype>
<ownDataTypeParameters>,,</ownDataTypeParameters>
<previousColumn>false</previousColumn>
<autoIncrementCycle>false</autoIncrementCycle>
<associations>
<colAssociation fkAssociation="CC629107-4A9A-CA2B-A2E2-D7912BFC99DD" referredColumn="10FA7B25-6EB0-0F61-A738-3056C9C8A9B0"/>
</associations>
</Column>
<Column name="ENTR_ESTOQUE_idEntradaEst" id="B2DFE582-3796-F842-6A0C-5F35B4685745">
<createdBy>lucas</createdBy>
<createdTime>2024-11-15 20:15:27 UTC</createdTime>
<generatorID>E9175AA6-1719-74B9-0374-D9FF76B2775B</generatorID>
<ownerDesignName>ModelosAP1MPS</ownerDesignName>
<useDomainConstraints>false</useDomainConstraints>
<use>1</use>
<logicalDatatype>LOGDT011</logicalDatatype>
<ownDataTypeParameters>,,</ownDataTypeParameters>
<previousColumn>false</previousColumn>
<autoIncrementCycle>false</autoIncrementCycle>
<associations>
<colAssociation fkAssociation="C0444DC6-5EB6-C491-C4B2-835705C385B6" referredColumn="879137F5-5F66-572C-5A1F-E158F6C10D08"/>
</associations>
</Column>
</columns>
<indexes itemClass="oracle.dbtools.crest.model.design.relational.Index">
<ind_PK_UK id="2DEAB3F4-C4C7-6836-F405-D8AB1A0BAE58" name="ITEM_DOC_ENTR_PK">
<createdBy>lucas</createdBy>
<createdTime>2024-11-15 20:15:27 UTC</createdTime>
<generatorID>95B9B789-0D9D-BAF5-187B-206EB4FBE9CE</generatorID>
<ownerDesignName>ModelosAP1MPS</ownerDesignName>
<pk>true</pk>
<indexState>Primary Constraint</indexState>
<isSurrogateKey>false</isSurrogateKey>
<indexColumnUsage>
<colUsage columnID="73AC10BE-449D-77E9-31D1-E011B23AF8E3"/>
</indexColumnUsage>
</ind_PK_UK>
<ind_PK_UK id="89E42249-5C99-9EB8-BE81-24B8EAD74D97" name="ITEM_DOC_ENTR__IDX">
<createdBy>lucas</createdBy>
<createdTime>2024-11-15 20:15:27 UTC</createdTime>
<ownerDesignName>ModelosAP1MPS</ownerDesignName>
<indexState>Unique Plain Index</indexState>
<isSurrogateKey>false</isSurrogateKey>
<relationGeneratorID>60E41AC8-3D15-3E8B-CE88-576D7D272E35</relationGeneratorID>
<indexColumnUsage>
<colUsage columnID="B2DFE582-3796-F842-6A0C-5F35B4685745"/>
</indexColumnUsage>
</ind_PK_UK>
<ind_PK_UK id="62BDBF9D-DC6D-2E4E-456A-958EF5E450FB" name="ITEM_DOC_ENTR_DOC_ENTR_FK">
<createdBy>lucas</createdBy>
<createdTime>2024-11-15 20:15:27 UTC</createdTime>
<generatorID>5163C765-2E6B-7F3E-8686-412D354B0D75</generatorID>
<ownerDesignName>ModelosAP1MPS</ownerDesignName>
<indexState>Foreign Key</indexState>
<isSurrogateKey>false</isSurrogateKey>
<indexColumnUsage>
<colUsage columnID="32B4D2AD-CDBF-ACFD-D113-C75639A6BC42"/>
<colUsage columnID="EAF2EC49-BA1C-E39A-F83A-D9C4362B7956"/>
</indexColumnUsage>
</ind_PK_UK>
<ind_PK_UK id="1B3BF8C6-2217-1B99-42BD-E155610E1962" name="ITEM_DOC_ENTR_ENTR_ESTOQUE_FK">
<createdBy>lucas</createdBy>
<createdTime>2024-11-15 20:15:27 UTC</createdTime>
<generatorID>60E41AC8-3D15-3E8B-CE88-576D7D272E35</generatorID>
<ownerDesignName>ModelosAP1MPS</ownerDesignName>
<indexState>Foreign Key</indexState>
<isSurrogateKey>false</isSurrogateKey>
<indexColumnUsage>
<colUsage columnID="B2DFE582-3796-F842-6A0C-5F35B4685745"/>
</indexColumnUsage>
</ind_PK_UK>
<ind_PK_UK id="2B4559EE-5A91-72DA-FA73-ACBDCCD4BDE9" name="ITEM_DOC_ENTR_PRODUTO_FK">
<createdBy>lucas</createdBy>
<createdTime>2024-11-15 20:15:27 UTC</createdTime>
<generatorID>975425C1-9F26-E508-5C5E-1E40335E815B</generatorID>
<ownerDesignName>ModelosAP1MPS</ownerDesignName>
<indexState>Foreign Key</indexState>
<isSurrogateKey>false</isSurrogateKey>
<indexColumnUsage>
<colUsage columnID="4BFBB143-6962-0DEC-C639-149DEF385328"/>
</indexColumnUsage>
</ind_PK_UK>
</indexes>
</Table>