<?xml version = '1.0' encoding = 'UTF-8'?>
<Table class="oracle.dbtools.crest.model.design.relational.Table" directorySegmentName="seg_0" id="72B51675-225C-4E90-04C1-9E6C4342C4D4" name="PEDIDO">
<createdBy>lucas</createdBy>
<createdTime>2024-11-15 20:15:27 UTC</createdTime>
<generatorID>2E40843D-AD8D-FC6A-138D-BB6233B01559</generatorID>
<ownerDesignName>ModelosAP1MPS</ownerDesignName>
<allowColumnReorder>false</allowColumnReorder>
<existDependencyGenerateInDDl>true</existDependencyGenerateInDDl>
<parsed>true</parsed>
<columns itemClass="oracle.dbtools.crest.model.design.relational.Column">
<Column name="idPedido" id="97F88992-B655-85D7-1470-EE1D7033FA32">
<createdBy>lucas</createdBy>
<createdTime>2024-11-15 20:15:27 UTC</createdTime>
<generatorID>4541807F-C85E-ABAB-658B-3EBBE6D63A29</generatorID>
<ownerDesignName>ModelosAP1MPS</ownerDesignName>
<useDomainConstraints>false</useDomainConstraints>
<use>1</use>
<logicalDatatype>LOGDT011</logicalDatatype>
<ownDataTypeParameters>,,</ownDataTypeParameters>
<autoIncrementCycle>false</autoIncrementCycle>
</Column>
<Column name="data" id="778366DB-5511-85A5-B0F0-A30E3CC942A7">
<createdBy>lucas</createdBy>
<createdTime>2024-11-15 20:15:27 UTC</createdTime>
<generatorID>B501734D-B8FC-50CA-5E95-6F36A594AD8A</generatorID>
<ownerDesignName>ModelosAP1MPS</ownerDesignName>
<useDomainConstraints>false</useDomainConstraints>
<use>1</use>
<logicalDatatype>LOGDT007</logicalDatatype>
<ownDataTypeParameters>,,</ownDataTypeParameters>
<autoIncrementCycle>false</autoIncrementCycle>
</Column>
<Column name="CLIENTE_idCliente" id="45F59E14-FBC2-76E8-E9FE-0CB8E9557808">
<createdBy>lucas</createdBy>
<createdTime>2024-11-15 20:15:27 UTC</createdTime>
<generatorID>58F9CA7E-BBD1-7A15-3ADD-762FB6E66E31</generatorID>
<ownerDesignName>ModelosAP1MPS</ownerDesignName>
<useDomainConstraints>false</useDomainConstraints>
<use>1</use>
<logicalDatatype>LOGDT011</logicalDatatype>
<ownDataTypeParameters>,,</ownDataTypeParameters>
<previousColumn>false</previousColumn>
<autoIncrementCycle>false</autoIncrementCycle>
<associations>
<colAssociation fkAssociation="4BEE7353-89F4-77B5-BE00-D13FBE5C4D6E" referredColumn="8E448DC3-BD40-A789-89A6-42215A1C34DA"/>
</associations>
</Column>
</columns>
<indexes itemClass="oracle.dbtools.crest.model.design.relational.Index">
<ind_PK_UK id="149A88C2-FAF3-7DE1-2CFD-21DDEF98747E" name="PEDIDO_PK">
<createdBy>lucas</createdBy>
<createdTime>2024-11-15 20:15:27 UTC</createdTime>
<generatorID>27AFCCE0-5B09-4E9D-180C-612A16E6398F</generatorID>
<ownerDesignName>ModelosAP1MPS</ownerDesignName>
<pk>true</pk>
<indexState>Primary Constraint</indexState>
<isSurrogateKey>false</isSurrogateKey>
<indexColumnUsage>
<colUsage columnID="97F88992-B655-85D7-1470-EE1D7033FA32"/>
</indexColumnUsage>
</ind_PK_UK>
<ind_PK_UK id="28300F28-4871-92F6-7852-98BE039B27CB" name="PEDIDO_CLIENTE_FK">
<createdBy>lucas</createdBy>
<createdTime>2024-11-15 20:15:27 UTC</createdTime>
<generatorID>F5A0E093-BE3B-F30B-51C2-1133C524CE2A</generatorID>
<ownerDesignName>ModelosAP1MPS</ownerDesignName>
<indexState>Foreign Key</indexState>
<isSurrogateKey>false</isSurrogateKey>
<indexColumnUsage>
<colUsage columnID="45F59E14-FBC2-76E8-E9FE-0CB8E9557808"/>
</indexColumnUsage>
</ind_PK_UK>
</indexes>
</Table>