<?xml version = '1.0' encoding = 'UTF-8'?>
<Table class="oracle.dbtools.crest.model.design.relational.Table" directorySegmentName="seg_0" id="F1E09889-62E2-9EE9-4AF8-B4306DDBCFCB" name="USUARIO">
<createdBy>lucas</createdBy>
<createdTime>2024-11-15 20:15:27 UTC</createdTime>
<generatorID>FE17576E-93FB-BFC9-691E-9FF96A7564A6</generatorID>
<ownerDesignName>ModelosAP1MPS</ownerDesignName>
<allowColumnReorder>false</allowColumnReorder>
<existDependencyGenerateInDDl>true</existDependencyGenerateInDDl>
<parsed>true</parsed>
<columns itemClass="oracle.dbtools.crest.model.design.relational.Column">
<Column name="idUsuario" id="BAB1E18C-A4A6-8FF9-634F-ACD4FE3B7C8A">
<createdBy>lucas</createdBy>
<createdTime>2024-11-15 20:15:27 UTC</createdTime>
<generatorID>42A5D6F3-9813-946F-7277-0147B96BF46B</generatorID>
<ownerDesignName>ModelosAP1MPS</ownerDesignName>
<useDomainConstraints>false</useDomainConstraints>
<use>1</use>
<logicalDatatype>LOGDT011</logicalDatatype>
<ownDataTypeParameters>,,</ownDataTypeParameters>
<autoIncrementCycle>false</autoIncrementCycle>
</Column>
<Column name="nome" id="B7DCE5C9-363B-FF31-1B3B-E5FA6926B3A0">
<createdBy>lucas</createdBy>
<createdTime>2024-11-15 20:15:27 UTC</createdTime>
<generatorID>77DF3626-C186-D815-02E9-2A33160B4721</generatorID>
<ownerDesignName>ModelosAP1MPS</ownerDesignName>
<useDomainConstraints>false</useDomainConstraints>
<use>1</use>
<logicalDatatype>LOGDT024</logicalDatatype>
<dataTypeSize>50</dataTypeSize>
<ownDataTypeParameters>50,,</ownDataTypeParameters>
<autoIncrementCycle>false</autoIncrementCycle>
</Column>
<Column name="cpf" id="45356E94-97AA-A15E-D3E9-9EDB5E4FBD0D">
<createdBy>lucas</createdBy>
<createdTime>2024-11-15 20:15:27 UTC</createdTime>
<generatorID>698663AE-5F1E-8F51-5DE4-1B301F6C3568</generatorID>
<ownerDesignName>ModelosAP1MPS</ownerDesignName>
<useDomainConstraints>false</useDomainConstraints>
<use>1</use>
<logicalDatatype>LOGDT024</logicalDatatype>
<dataTypeSize>11</dataTypeSize>
<ownDataTypeParameters>11,,</ownDataTypeParameters>
<autoIncrementCycle>false</autoIncrementCycle>
</Column>
<Column name="email" id="88DA7BD2-7B32-5D68-A02D-43535D512A7B">
<createdBy>lucas</createdBy>
<createdTime>2024-11-15 20:15:27 UTC</createdTime>
<generatorID>C471AF5C-CE4D-3CCC-4EBE-CD499DAFD674</generatorID>
<ownerDesignName>ModelosAP1MPS</ownerDesignName>
<useDomainConstraints>false</useDomainConstraints>
<use>1</use>
<logicalDatatype>LOGDT024</logicalDatatype>
<dataTypeSize>100</dataTypeSize>
<ownDataTypeParameters>100,,</ownDataTypeParameters>
<autoIncrementCycle>false</autoIncrementCycle>
</Column>
<Column name="telefone" id="B136E386-2173-2324-9A54-6CD2B03C58DE">
<createdBy>lucas</createdBy>
<createdTime>2024-11-15 20:15:27 UTC</createdTime>
<generatorID>05EDF582-BBB4-1FFA-3FB6-21A9462FA9A9</generatorID>
<ownerDesignName>ModelosAP1MPS</ownerDesignName>
<useDomainConstraints>false</useDomainConstraints>
<use>1</use>
<logicalDatatype>LOGDT024</logicalDatatype>
<dataTypeSize>11</dataTypeSize>
<ownDataTypeParameters>11,,</ownDataTypeParameters>
<autoIncrementCycle>false</autoIncrementCycle>
</Column>
<Column name="apelido" id="CD08BDD2-E050-327D-BF02-3027CAD55E03">
<createdBy>lucas</createdBy>
<createdTime>2024-11-15 20:15:27 UTC</createdTime>
<generatorID>A5859611-DB14-6297-3BBF-DF0615FD9E36</generatorID>
<ownerDesignName>ModelosAP1MPS</ownerDesignName>
<useDomainConstraints>false</useDomainConstraints>
<use>1</use>
<logicalDatatype>LOGDT024</logicalDatatype>
<dataTypeSize>20</dataTypeSize>
<ownDataTypeParameters>20,,</ownDataTypeParameters>
<autoIncrementCycle>false</autoIncrementCycle>
</Column>
<Column name="senha" id="DDD7C736-AB6F-3872-3206-92952D703DD9">
<createdBy>lucas</createdBy>
<createdTime>2024-11-15 20:15:27 UTC</createdTime>
<generatorID>ED434559-9294-2DD8-7AEE-5C5B5A3BB78C</generatorID>
<ownerDesignName>ModelosAP1MPS</ownerDesignName>
<useDomainConstraints>false</useDomainConstraints>
<use>1</use>
<logicalDatatype>LOGDT024</logicalDatatype>
<dataTypeSize>20</dataTypeSize>
<ownDataTypeParameters>20,,</ownDataTypeParameters>
<autoIncrementCycle>false</autoIncrementCycle>
</Column>
</columns>
<indexes itemClass="oracle.dbtools.crest.model.design.relational.Index">
<ind_PK_UK id="2470D34C-8838-99BA-B7A2-37CD892636B1" name="USUARIO_PK">
<createdBy>lucas</createdBy>
<createdTime>2024-11-15 20:15:27 UTC</createdTime>
<generatorID>C01613D0-7E6A-C80E-DF2A-F9D825684F0F</generatorID>
<ownerDesignName>ModelosAP1MPS</ownerDesignName>
<pk>true</pk>
<indexState>Primary Constraint</indexState>
<isSurrogateKey>false</isSurrogateKey>
<indexColumnUsage>
<colUsage columnID="BAB1E18C-A4A6-8FF9-634F-ACD4FE3B7C8A"/>
</indexColumnUsage>
</ind_PK_UK>
</indexes>
</Table>