<?xml version = '1.0' encoding = 'UTF-8'?>
<Entity class="oracle.dbtools.crest.model.design.logical.Entity" directorySegmentName="seg_0" id="2E40843D-AD8D-FC6A-138D-BB6233B01559" name="PEDIDO">
<createdBy>lucas</createdBy>
<createdTime>2024-11-15 16:28:49 UTC</createdTime>
<ownerDesignName>ModelosAP1MPS</ownerDesignName>
<engineerTo>
<item key="1E011C54-AE02-6291-493B-9859714DAACB" value="true"/>
</engineerTo>
<adequatelyNormalized>NO</adequatelyNormalized>
<expectedVolumes>0</expectedVolumes>
<fwdEngineeringStrategyName>Single Table</fwdEngineeringStrategyName>
<growthPercent>0</growthPercent>
<growthType>Year</growthType>
<maxVolumes>9999999</maxVolumes>
<minVolumes>0</minVolumes>
<normalForm>Third</normalForm>
<attributes itemClass="oracle.dbtools.crest.model.design.logical.Attribute">
<Attribute name="idPedido" id="4541807F-C85E-ABAB-658B-3EBBE6D63A29">
<createdBy>lucas</createdBy>
<createdTime>2024-11-15 16:28:58 UTC</createdTime>
<ownerDesignName>ModelosAP1MPS</ownerDesignName>
<engineerTo>
<item key="1E011C54-AE02-6291-493B-9859714DAACB" value="true"/>
</engineerTo>
<useDomainConstraints>false</useDomainConstraints>
<use>1</use>
<logicalDatatype>LOGDT011</logicalDatatype>
<ownDataTypeParameters>,,</ownDataTypeParameters>
</Attribute>
<Attribute name="data" id="B501734D-B8FC-50CA-5E95-6F36A594AD8A">
<createdBy>lucas</createdBy>
<createdTime>2024-11-15 16:29:22 UTC</createdTime>
<ownerDesignName>ModelosAP1MPS</ownerDesignName>
<engineerTo>
<item key="1E011C54-AE02-6291-493B-9859714DAACB" value="true"/>
</engineerTo>
<useDomainConstraints>false</useDomainConstraints>
<use>1</use>
<logicalDatatype>LOGDT007</logicalDatatype>
<ownDataTypeParameters>,,</ownDataTypeParameters>
</Attribute>
<Attribute name="idCliente" id="58F9CA7E-BBD1-7A15-3ADD-762FB6E66E31">
<createdBy>lucas</createdBy>
<createdTime>2024-11-15 16:37:58 UTC</createdTime>
<generatorID>F5A0E093-BE3B-F30B-51C2-1133C524CE2A</generatorID>
<ownerDesignName>ModelosAP1MPS</ownerDesignName>
<engineerTo>
<item key="1E011C54-AE02-6291-493B-9859714DAACB" value="true"/>
</engineerTo>
<referedAttribute>C5F1E295-CE1A-85AF-DACF-476463EA4AB9</referedAttribute>
<useDomainConstraints>false</useDomainConstraints>
<use>1</use>
<logicalDatatype>LOGDT011</logicalDatatype>
<ownDataTypeParameters>,,</ownDataTypeParameters>
</Attribute>
</attributes>
<identifiers itemClass="oracle.dbtools.crest.model.design.logical.CandidateKey">
<identifier id="27AFCCE0-5B09-4E9D-180C-612A16E6398F" name="PEDIDO PK">
<createdBy>lucas</createdBy>
<createdTime>2024-11-15 16:29:03 UTC</createdTime>
<ownerDesignName>ModelosAP1MPS</ownerDesignName>
<shouldEngineer>false</shouldEngineer>
<engineerTo>
<item key="1E011C54-AE02-6291-493B-9859714DAACB" value="false"/>
</engineerTo>
<pk>true</pk>
<usedAttributes>
<attributeRef>4541807F-C85E-ABAB-658B-3EBBE6D63A29</attributeRef>
</usedAttributes>
</identifier>
</identifiers>
</Entity>