<?xml version = '1.0' encoding = 'UTF-8'?>
<Entity class="oracle.dbtools.crest.model.design.logical.Entity" directorySegmentName="seg_0" id="5D5D7211-5257-6C1A-9E94-E78D757C35DB" name="DOC_ENTR">
<createdBy>lucas</createdBy>
<createdTime>2024-11-15 16:43:22 UTC</createdTime>
<ownerDesignName>ModelosAP1MPS</ownerDesignName>
<engineerTo>
<item key="1E011C54-AE02-6291-493B-9859714DAACB" value="true"/>
</engineerTo>
<adequatelyNormalized>NO</adequatelyNormalized>
<expectedVolumes>0</expectedVolumes>
<fwdEngineeringStrategyName>Single Table</fwdEngineeringStrategyName>
<growthPercent>0</growthPercent>
<growthType>Year</growthType>
<maxVolumes>9999999</maxVolumes>
<minVolumes>0</minVolumes>
<normalForm>Third</normalForm>
<attributes itemClass="oracle.dbtools.crest.model.design.logical.Attribute">
<Attribute name="idDocEntr" id="279E7D84-F14D-134D-E602-0CD6D6851058">
<createdBy>lucas</createdBy>
<createdTime>2024-11-15 16:43:29 UTC</createdTime>
<ownerDesignName>ModelosAP1MPS</ownerDesignName>
<engineerTo>
<item key="1E011C54-AE02-6291-493B-9859714DAACB" value="true"/>
</engineerTo>
<useDomainConstraints>false</useDomainConstraints>
<use>1</use>
<logicalDatatype>LOGDT011</logicalDatatype>
<ownDataTypeParameters>,,</ownDataTypeParameters>
</Attribute>
<Attribute name="data" id="CEC58226-71D2-5046-D5A1-099D7ECF3CF2">
<createdBy>lucas</createdBy>
<createdTime>2024-11-15 16:43:49 UTC</createdTime>
<ownerDesignName>ModelosAP1MPS</ownerDesignName>
<engineerTo>
<item key="1E011C54-AE02-6291-493B-9859714DAACB" value="true"/>
</engineerTo>
<useDomainConstraints>false</useDomainConstraints>
<use>1</use>
<logicalDatatype>LOGDT007</logicalDatatype>
<ownDataTypeParameters>,,</ownDataTypeParameters>
</Attribute>
<Attribute name="idFornecedr" id="F79163B6-5C64-A27C-8D3F-6606B2D417BE">
<createdBy>lucas</createdBy>
<createdTime>2024-11-15 17:15:34 UTC</createdTime>
<generatorID>CBCCFA0A-5378-7DFD-2637-8764515902AA</generatorID>
<ownerDesignName>ModelosAP1MPS</ownerDesignName>
<engineerTo>
<item key="1E011C54-AE02-6291-493B-9859714DAACB" value="true"/>
</engineerTo>
<referedAttribute>4151C324-0683-75C7-5169-85BE84C81F6E</referedAttribute>
<useDomainConstraints>false</useDomainConstraints>
<use>1</use>
<logicalDatatype>LOGDT011</logicalDatatype>
<ownDataTypeParameters>,,</ownDataTypeParameters>
</Attribute>
</attributes>
<identifiers itemClass="oracle.dbtools.crest.model.design.logical.CandidateKey">
<identifier id="F31D5095-0119-43A8-7526-DBFDBEB05D18" name="DOCUMENTO_ENTRADA PK">
<createdBy>lucas</createdBy>
<createdTime>2024-11-15 16:43:36 UTC</createdTime>
<ownerDesignName>ModelosAP1MPS</ownerDesignName>
<shouldEngineer>false</shouldEngineer>
<engineerTo>
<item key="1E011C54-AE02-6291-493B-9859714DAACB" value="false"/>
</engineerTo>
<pk>true</pk>
<usedAttributes>
<attributeRef>279E7D84-F14D-134D-E602-0CD6D6851058</attributeRef>
<attributeRef>F79163B6-5C64-A27C-8D3F-6606B2D417BE</attributeRef>
</usedAttributes>
</identifier>
</identifiers>
</Entity>