<?xml version = '1.0' encoding = 'UTF-8'?>
<Entity class="oracle.dbtools.crest.model.design.logical.Entity" directorySegmentName="seg_0" id="CF778AD3-3AB1-3D8F-0C80-8448CF99A187" name="FORNECEDR">
<createdBy>lucas</createdBy>
<createdTime>2024-10-28 18:03:32 UTC</createdTime>
<ownerDesignName>ModelosAP1MPS</ownerDesignName>
<engineerTo>
<item key="1E011C54-AE02-6291-493B-9859714DAACB" value="true"/>
</engineerTo>
<adequatelyNormalized>NO</adequatelyNormalized>
<expectedVolumes>0</expectedVolumes>
<fwdEngineeringStrategyName>Single Table</fwdEngineeringStrategyName>
<growthPercent>0</growthPercent>
<growthType>Year</growthType>
<maxVolumes>9999999</maxVolumes>
<minVolumes>0</minVolumes>
<normalForm>Third</normalForm>
<attributes itemClass="oracle.dbtools.crest.model.design.logical.Attribute">
<Attribute name="idFornecedr" id="4151C324-0683-75C7-5169-85BE84C81F6E">
<createdBy>lucas</createdBy>
<createdTime>2024-10-28 18:03:51 UTC</createdTime>
<ownerDesignName>ModelosAP1MPS</ownerDesignName>
<engineerTo>
<item key="1E011C54-AE02-6291-493B-9859714DAACB" value="true"/>
</engineerTo>
<useDomainConstraints>false</useDomainConstraints>
<use>1</use>
<logicalDatatype>LOGDT011</logicalDatatype>
<ownDataTypeParameters>,,</ownDataTypeParameters>
</Attribute>
<Attribute name="nome" id="BC7B73DB-2454-E4CC-7772-A3D15F13F904">
<createdBy>lucas</createdBy>
<createdTime>2024-10-28 18:04:11 UTC</createdTime>
<ownerDesignName>ModelosAP1MPS</ownerDesignName>
<engineerTo>
<item key="1E011C54-AE02-6291-493B-9859714DAACB" value="true"/>
</engineerTo>
<useDomainConstraints>false</useDomainConstraints>
<use>1</use>
<logicalDatatype>LOGDT024</logicalDatatype>
<dataTypeSize>100</dataTypeSize>
<ownDataTypeParameters>100,,</ownDataTypeParameters>
</Attribute>
<Attribute name="cpfCnpj" id="D88094B0-5BA0-936B-B8D7-C29E5D83A06D">
<createdBy>lucas</createdBy>
<createdTime>2024-10-28 18:04:42 UTC</createdTime>
<ownerDesignName>ModelosAP1MPS</ownerDesignName>
<engineerTo>
<item key="1E011C54-AE02-6291-493B-9859714DAACB" value="true"/>
</engineerTo>
<useDomainConstraints>false</useDomainConstraints>
<use>1</use>
<logicalDatatype>LOGDT024</logicalDatatype>
<dataTypeSize>14</dataTypeSize>
<ownDataTypeParameters>14,,</ownDataTypeParameters>
</Attribute>
<Attribute name="email" id="4A62A303-1B71-0484-682D-A24BAFAE3E84">
<createdBy>lucas</createdBy>
<createdTime>2024-10-28 18:05:55 UTC</createdTime>
<ownerDesignName>ModelosAP1MPS</ownerDesignName>
<engineerTo>
<item key="1E011C54-AE02-6291-493B-9859714DAACB" value="true"/>
</engineerTo>
<useDomainConstraints>false</useDomainConstraints>
<use>1</use>
<logicalDatatype>LOGDT024</logicalDatatype>
<dataTypeSize>100</dataTypeSize>
<ownDataTypeParameters>100,,</ownDataTypeParameters>
</Attribute>
<Attribute name="telefone" id="D22E2B31-287B-D25E-DFD7-CC9A5D55A215">
<createdBy>lucas</createdBy>
<createdTime>2024-10-28 18:06:26 UTC</createdTime>
<ownerDesignName>ModelosAP1MPS</ownerDesignName>
<engineerTo>
<item key="1E011C54-AE02-6291-493B-9859714DAACB" value="true"/>
</engineerTo>
<useDomainConstraints>false</useDomainConstraints>
<use>1</use>
<logicalDatatype>LOGDT024</logicalDatatype>
<dataTypeSize>11</dataTypeSize>
<ownDataTypeParameters>11,,</ownDataTypeParameters>
</Attribute>
</attributes>
<identifiers itemClass="oracle.dbtools.crest.model.design.logical.CandidateKey">
<identifier id="FF81538E-0388-1A23-4F8D-B24326F8519F" name="FORNECEDOR PK">
<createdBy>lucas</createdBy>
<createdTime>2024-10-28 18:04:10 UTC</createdTime>
<ownerDesignName>ModelosAP1MPS</ownerDesignName>
<shouldEngineer>false</shouldEngineer>
<engineerTo>
<item key="1E011C54-AE02-6291-493B-9859714DAACB" value="false"/>
</engineerTo>
<pk>true</pk>
<usedAttributes>
<attributeRef>4151C324-0683-75C7-5169-85BE84C81F6E</attributeRef>
</usedAttributes>
</identifier>
</identifiers>
</Entity>