<?xml version = '1.0' encoding = 'UTF-8'?>
<Entity class="oracle.dbtools.crest.model.design.logical.Entity" directorySegmentName="seg_0" id="FE17576E-93FB-BFC9-691E-9FF96A7564A6" name="USUARIO">
<createdBy>lucas</createdBy>
<createdTime>2024-10-28 17:08:12 UTC</createdTime>
<ownerDesignName>ModelosAP1MPS</ownerDesignName>
<engineerTo>
<item key="1E011C54-AE02-6291-493B-9859714DAACB" value="true"/>
</engineerTo>
<adequatelyNormalized>NO</adequatelyNormalized>
<expectedVolumes>0</expectedVolumes>
<fwdEngineeringStrategyName>Single Table</fwdEngineeringStrategyName>
<growthPercent>0</growthPercent>
<growthType>Year</growthType>
<maxVolumes>9999999</maxVolumes>
<minVolumes>0</minVolumes>
<normalForm>Third</normalForm>
<attributes itemClass="oracle.dbtools.crest.model.design.logical.Attribute">
<Attribute name="idUsuario" id="42A5D6F3-9813-946F-7277-0147B96BF46B">
<createdBy>lucas</createdBy>
<createdTime>2024-10-28 17:42:05 UTC</createdTime>
<ownerDesignName>ModelosAP1MPS</ownerDesignName>
<engineerTo>
<item key="1E011C54-AE02-6291-493B-9859714DAACB" value="true"/>
</engineerTo>
<useDomainConstraints>false</useDomainConstraints>
<use>1</use>
<logicalDatatype>LOGDT011</logicalDatatype>
<ownDataTypeParameters>,,</ownDataTypeParameters>
</Attribute>
<Attribute name="nome" id="77DF3626-C186-D815-02E9-2A33160B4721">
<createdBy>lucas</createdBy>
<createdTime>2024-10-28 17:43:42 UTC</createdTime>
<ownerDesignName>ModelosAP1MPS</ownerDesignName>
<engineerTo>
<item key="1E011C54-AE02-6291-493B-9859714DAACB" value="true"/>
</engineerTo>
<useDomainConstraints>false</useDomainConstraints>
<use>1</use>
<logicalDatatype>LOGDT024</logicalDatatype>
<dataTypeSize>50</dataTypeSize>
<ownDataTypeParameters>50,,</ownDataTypeParameters>
</Attribute>
<Attribute name="cpf" id="698663AE-5F1E-8F51-5DE4-1B301F6C3568">
<createdBy>lucas</createdBy>
<createdTime>2024-10-28 17:44:00 UTC</createdTime>
<ownerDesignName>ModelosAP1MPS</ownerDesignName>
<engineerTo>
<item key="1E011C54-AE02-6291-493B-9859714DAACB" value="true"/>
</engineerTo>
<useDomainConstraints>false</useDomainConstraints>
<use>1</use>
<logicalDatatype>LOGDT024</logicalDatatype>
<dataTypeSize>11</dataTypeSize>
<ownDataTypeParameters>11,,</ownDataTypeParameters>
</Attribute>
<Attribute name="email" id="C471AF5C-CE4D-3CCC-4EBE-CD499DAFD674">
<createdBy>lucas</createdBy>
<createdTime>2024-10-28 17:45:46 UTC</createdTime>
<ownerDesignName>ModelosAP1MPS</ownerDesignName>
<engineerTo>
<item key="1E011C54-AE02-6291-493B-9859714DAACB" value="true"/>
</engineerTo>
<useDomainConstraints>false</useDomainConstraints>
<use>1</use>
<logicalDatatype>LOGDT024</logicalDatatype>
<dataTypeSize>100</dataTypeSize>
<ownDataTypeParameters>100,,</ownDataTypeParameters>
</Attribute>
<Attribute name="telefone" id="05EDF582-BBB4-1FFA-3FB6-21A9462FA9A9">
<createdBy>lucas</createdBy>
<createdTime>2024-10-28 17:47:52 UTC</createdTime>
<ownerDesignName>ModelosAP1MPS</ownerDesignName>
<engineerTo>
<item key="1E011C54-AE02-6291-493B-9859714DAACB" value="true"/>
</engineerTo>
<useDomainConstraints>false</useDomainConstraints>
<use>1</use>
<logicalDatatype>LOGDT024</logicalDatatype>
<dataTypeSize>11</dataTypeSize>
<ownDataTypeParameters>11,,</ownDataTypeParameters>
</Attribute>
<Attribute name="apelido" id="A5859611-DB14-6297-3BBF-DF0615FD9E36">
<createdBy>lucas</createdBy>
<createdTime>2024-11-15 15:43:56 UTC</createdTime>
<ownerDesignName>ModelosAP1MPS</ownerDesignName>
<engineerTo>
<item key="1E011C54-AE02-6291-493B-9859714DAACB" value="true"/>
</engineerTo>
<useDomainConstraints>false</useDomainConstraints>
<use>1</use>
<logicalDatatype>LOGDT024</logicalDatatype>
<dataTypeSize>20</dataTypeSize>
<ownDataTypeParameters>20,,</ownDataTypeParameters>
</Attribute>
<Attribute name="senha" id="ED434559-9294-2DD8-7AEE-5C5B5A3BB78C">
<createdBy>lucas</createdBy>
<createdTime>2024-11-15 15:44:16 UTC</createdTime>
<ownerDesignName>ModelosAP1MPS</ownerDesignName>
<engineerTo>
<item key="1E011C54-AE02-6291-493B-9859714DAACB" value="true"/>
</engineerTo>
<useDomainConstraints>false</useDomainConstraints>
<use>1</use>
<logicalDatatype>LOGDT024</logicalDatatype>
<dataTypeSize>20</dataTypeSize>
<ownDataTypeParameters>20,,</ownDataTypeParameters>
</Attribute>
</attributes>
<identifiers itemClass="oracle.dbtools.crest.model.design.logical.CandidateKey">
<identifier id="C01613D0-7E6A-C80E-DF2A-F9D825684F0F" name="USUARIOS PK">
<createdBy>lucas</createdBy>
<createdTime>2024-10-28 17:43:37 UTC</createdTime>
<ownerDesignName>ModelosAP1MPS</ownerDesignName>
<shouldEngineer>false</shouldEngineer>
<engineerTo>
<item key="1E011C54-AE02-6291-493B-9859714DAACB" value="false"/>
</engineerTo>
<pk>true</pk>
<usedAttributes>
<attributeRef>42A5D6F3-9813-946F-7277-0147B96BF46B</attributeRef>
</usedAttributes>
</identifier>
</identifiers>
</Entity>