<?xml version = '1.0' encoding = 'UTF-8'?>
<FKIndexAssociation class="oracle.dbtools.crest.model.design.relational.FKIndexAssociation" directorySegmentName="seg_0" id="3C72BFEF-5137-3B53-BF5B-4CFCFE840051" containerWithKeyObject="545ABE4E-F311-4216-170A-2129C199CFD3" localFKIndex="2B4559EE-5A91-72DA-FA73-ACBDCCD4BDE9" name="ITEM_DOC_ENTR_PRODUTO_FK">
<createdBy>lucas</createdBy>
<createdTime>2024-11-15 20:15:27 UTC</createdTime>
<generatorID>975425C1-9F26-E508-5C5E-1E40335E815B</generatorID>
<ownerDesignName>ModelosAP1MPS</ownerDesignName>
<referredTableLongName>PRODUTO</referredTableLongName>
<deleteRule>NO ACTION</deleteRule>
<referredTableID>CF8A611E-BAE9-B783-D0EC-EC35F9C80C07</referredTableID>
<keyObject>6235FFEC-8D3F-E358-5BFF-CCA71467CF7F</keyObject>
<referredKeyID>6235FFEC-8D3F-E358-5BFF-CCA71467CF7F</referredKeyID>
<mandatory>true</mandatory>
<refColNames>idProduto</refColNames>
<transferable>true</transferable>
<rely>false</rely>
<columnDependencyConstraintGenerateInDDL>true</columnDependencyConstraintGenerateInDDL>
</FKIndexAssociation>